CREATE DATABASE  IF NOT EXISTS `javateam5` /*!40100 DEFAULT CHARACTER SET utf8 */;
USE `javateam5`;
-- MySQL dump 10.13  Distrib 8.0.13, for Win64 (x86_64)
--
-- Host: localhost    Database: javateam5
-- ------------------------------------------------------
-- Server version	8.0.13

/*!40101 SET @OLD_CHARACTER_SET_CLIENT=@@CHARACTER_SET_CLIENT */;
/*!40101 SET @OLD_CHARACTER_SET_RESULTS=@@CHARACTER_SET_RESULTS */;
/*!40101 SET @OLD_COLLATION_CONNECTION=@@COLLATION_CONNECTION */;
 SET NAMES utf8 ;
/*!40103 SET @OLD_TIME_ZONE=@@TIME_ZONE */;
/*!40103 SET TIME_ZONE='+00:00' */;
/*!40014 SET @OLD_UNIQUE_CHECKS=@@UNIQUE_CHECKS, UNIQUE_CHECKS=0 */;
/*!40014 SET @OLD_FOREIGN_KEY_CHECKS=@@FOREIGN_KEY_CHECKS, FOREIGN_KEY_CHECKS=0 */;
/*!40101 SET @OLD_SQL_MODE=@@SQL_MODE, SQL_MODE='NO_AUTO_VALUE_ON_ZERO' */;
/*!40111 SET @OLD_SQL_NOTES=@@SQL_NOTES, SQL_NOTES=0 */;

--
-- Table structure for table `coursedetails`
--

DROP TABLE IF EXISTS `coursedetails`;
/*!40101 SET @saved_cs_client     = @@character_set_client */;
 SET character_set_client = utf8mb4 ;
CREATE TABLE `coursedetails` (
  `CourseID` varchar(6) CHARACTER SET utf8 COLLATE utf8_general_ci NOT NULL,
  `CourseName` varchar(50) CHARACTER SET utf8 COLLATE utf8_general_ci NOT NULL,
  `Description` varchar(255) CHARACTER SET utf8 COLLATE utf8_general_ci NOT NULL,
  `MinVacancy` int(3) NOT NULL,
  `MaxVacancy` int(3) NOT NULL,
  `Credits` decimal(10,0) NOT NULL,
  PRIMARY KEY (`CourseID`)
) ENGINE=InnoDB DEFAULT CHARSET=utf8;
/*!40101 SET character_set_client = @saved_cs_client */;

--
-- Dumping data for table `coursedetails`
--

LOCK TABLES `coursedetails` WRITE;
/*!40000 ALTER TABLE `coursedetails` DISABLE KEYS */;
INSERT INTO `coursedetails` VALUES ('A0006','Astronomy','Keeping students awake at night',20,50,10),('A0008','Arithmancy','Math.',10,30,5),('C0002','Charms','How to dis-wand your opponent',20,50,10),('C0012','Care of Magical Creatures','Don\'t get stepped on.',10,30,5),('D0005','Defense against the Dark Arts','My lecturer is cursed!',20,50,10),('D0010','Divination','I predict your death!',10,30,5),('H0004','History of Magic','A study of magical history',20,50,10),('H0007','Herbology','Careful the Mandrakes don\'t bite',20,50,10),('M0009','Muggle Studies','The study of the daily lives of Muggles and how they cope with electricity, technology and science, and not magic.',10,30,5),('P0003','Potions','How to bottle fame, brew glory, and even stopper death',20,50,10),('S0011','Study of Ancient Runes','Ancient runes are a form of writing which witches and wizards used hundreds of years ago.',10,30,5),('T0001','Transfigurations','How to become an animagus',20,50,10);
/*!40000 ALTER TABLE `coursedetails` ENABLE KEYS */;
UNLOCK TABLES;

--
-- Table structure for table `lecturers`
--

DROP TABLE IF EXISTS `lecturers`;
/*!40101 SET @saved_cs_client     = @@character_set_client */;
 SET character_set_client = utf8mb4 ;
CREATE TABLE `lecturers` (
  `LecturerID` varchar(6) CHARACTER SET utf8 COLLATE utf8_general_ci NOT NULL,
  `Position` varchar(20) CHARACTER SET utf8 COLLATE utf8_general_ci NOT NULL,
  PRIMARY KEY (`LecturerID`),
  CONSTRAINT `LecturerID` FOREIGN KEY (`LecturerID`) REFERENCES `users` (`userid`) ON DELETE RESTRICT ON UPDATE CASCADE
) ENGINE=InnoDB DEFAULT CHARSET=utf8;
/*!40101 SET character_set_client = @saved_cs_client */;

--
-- Dumping data for table `lecturers`
--

LOCK TABLES `lecturers` WRITE;
/*!40000 ALTER TABLE `lecturers` DISABLE KEYS */;
INSERT INTO `lecturers` VALUES ('L00001','Senior Lecturer'),('L00002','Senior Lecturer'),('L00003','Lecturer'),('L00004','Lecturer'),('L00005','Lecturer'),('L00006','Lecturer'),('L00007','Adjunct Lecturer'),('L00008','Adjunct Lecturer'),('L00009','Associate Lecturer'),('L00010','Associate Lecturer');
/*!40000 ALTER TABLE `lecturers` ENABLE KEYS */;
UNLOCK TABLES;

--
-- Table structure for table `modules`
--

DROP TABLE IF EXISTS `modules`;
/*!40101 SET @saved_cs_client     = @@character_set_client */;
 SET character_set_client = utf8mb4 ;
CREATE TABLE `modules` (
  `ModuleID` varchar(9) CHARACTER SET utf8 COLLATE utf8_general_ci NOT NULL,
  `CourseID` varchar(6) CHARACTER SET utf8 COLLATE utf8_general_ci NOT NULL,
  `LecturerID` varchar(6) CHARACTER SET utf8 COLLATE utf8_general_ci NOT NULL,
  `AcademicYear` year(4) NOT NULL,
  `Timeslot` int(1) NOT NULL,
  `DayofWeek` int(1) NOT NULL,
  `Venue` varchar(20) CHARACTER SET utf8 COLLATE utf8_general_ci NOT NULL,
  PRIMARY KEY (`ModuleID`),
  KEY `CourseID_idx` (`CourseID`),
  KEY `LecturerID_idx` (`LecturerID`),
  CONSTRAINT `M_CourseID` FOREIGN KEY (`CourseID`) REFERENCES `coursedetails` (`courseid`) ON DELETE RESTRICT ON UPDATE CASCADE,
  CONSTRAINT `M_LecturerID` FOREIGN KEY (`LecturerID`) REFERENCES `lecturers` (`lecturerid`) ON DELETE RESTRICT ON UPDATE CASCADE
) ENGINE=InnoDB DEFAULT CHARSET=utf8;
/*!40101 SET character_set_client = @saved_cs_client */;

--
-- Dumping data for table `modules`
--

LOCK TABLES `modules` WRITE;
/*!40000 ALTER TABLE `modules` DISABLE KEYS */;
INSERT INTO `modules` VALUES ('0117A0006','A0006','L00001',2017,3,2,'Classroom 3'),('0117C0012','C0012','L00001',2017,3,1,'Field 1'),('0118A0006','A0006','L00001',2018,3,4,'Classroom 3'),('0118C0012','C0012','L00001',2018,2,3,'Field 1'),('0217C0002','C0002','L00002',2017,2,5,'Classroom 1'),('0217D0005','D0005','L00002',2017,3,3,'Classroom 2'),('0218C0002','C0002','L00002',2018,1,1,'Classroom 1'),('0218D0005','D0005','L00002',2018,2,1,'Classroom 2'),('0317D0010','D0010','L00003',2017,1,4,'Tower 2'),('0317H0004','H0004','L00003',2017,1,5,'Classroom 4'),('0318D0010','D0010','L00003',2018,3,4,'Tower 2'),('0318H0004','H0004','L00003',2018,1,5,'Classroom 4'),('0417H0004','H0004','L00004',2017,2,1,'Classroom 4'),('0417H0007','H0007','L00004',2017,3,2,'Greenhouse 1'),('0418H0004','H0004','L00004',2018,2,1,'Classroom 4'),('0418H0007','H0007','L00004',2018,1,2,'Greenhouse 1'),('0517P0003','P0003','L00005',2017,1,5,'Lab 1'),('0517T0001','T0001','L00005',2017,2,4,'Classroom 6'),('0518P0003','P0003','L00005',2018,1,4,'Lab 1'),('0518T0001','T0001','L00005',2018,3,3,'Classroom 6'),('0617H0007','H0007','L00006',2017,3,3,'Greenhouse 1'),('0617P0003','P0003','L00006',2017,1,1,'Lab 1'),('0617T0001','T0001','L00006',2017,2,3,'Classroom 6'),('0618H0007','H0007','L00006',2018,3,3,'Greenhouse 1'),('0618P0003','P0003','L00006',2018,2,3,'Lab 1'),('0618T0001','T0001','L00006',2018,1,2,'Classroom 6'),('0717C0002','C0002','L00007',2017,1,4,'Classroom 1'),('0717D0005','D0005','L00007',2017,2,2,'Classroom 2'),('0718C0002','C0002','L00007',2018,1,2,'Classroom 1'),('0718D0005','D0005','L00007',2018,3,2,'Classroom 2'),('0817A0006','A0006','L00008',2017,1,1,'Classroom 3'),('0818A0006','A0006','L00008',2018,1,5,'Classroom 3'),('0917A0008','A0008','L00009',2017,2,3,'Tower 1'),('0917S0011','S0011','L00009',2017,3,2,'Classroom 5'),('0918A0008','A0008','L00009',2018,2,3,'Tower 1'),('0918S0011','S0011','L00009',2018,2,1,'Classroom 5'),('1017M0009','M0009','L00010',2017,2,4,'Classroom 5'),('1018M0009','M0009','L00010',2018,3,5,'Classroom 5');
/*!40000 ALTER TABLE `modules` ENABLE KEYS */;
UNLOCK TABLES;

--
-- Table structure for table `studentcourse`
--

DROP TABLE IF EXISTS `studentcourse`;
/*!40101 SET @saved_cs_client     = @@character_set_client */;
 SET character_set_client = utf8mb4 ;
CREATE TABLE `studentcourse` (
  `ModuleID` varchar(9) CHARACTER SET utf8 COLLATE utf8_general_ci NOT NULL,
  `StudentID` varchar(6) CHARACTER SET utf8 COLLATE utf8_general_ci NOT NULL,
  `Attendance` decimal(3,2) DEFAULT NULL,
  `Grade` varchar(2) DEFAULT NULL,
  `LecturerRating` int(11) DEFAULT NULL,
  `EnrollStatus` varchar(10) CHARACTER SET utf8 COLLATE utf8_general_ci NOT NULL,
  `EnrollTime` datetime NOT NULL,
  PRIMARY KEY (`ModuleID`,`StudentID`),
  KEY `StudentID_idx` (`StudentID`),
  CONSTRAINT `SC_ModuleID` FOREIGN KEY (`ModuleID`) REFERENCES `modules` (`moduleid`) ON DELETE RESTRICT ON UPDATE CASCADE,
  CONSTRAINT `SC_StudentID` FOREIGN KEY (`StudentID`) REFERENCES `students` (`studentid`) ON DELETE RESTRICT ON UPDATE CASCADE
) ENGINE=InnoDB DEFAULT CHARSET=utf8;
/*!40101 SET character_set_client = @saved_cs_client */;

--
-- Dumping data for table `studentcourse`
--

LOCK TABLES `studentcourse` WRITE;
/*!40000 ALTER TABLE `studentcourse` DISABLE KEYS */;
INSERT INTO `studentcourse` VALUES ('0117A0006','S00006',0.71,'A',2,'Enrolled','2017-01-06 17:41:00'),('0117A0006','S00007',0.78,'E',2,'Enrolled','2017-01-06 21:41:00'),('0117A0006','S00012',0.93,'A',2,'Enrolled','2017-01-07 04:41:00'),('0117A0006','S00021',0.77,'B',3,'Enrolled','2017-01-07 22:41:00'),('0117A0006','S00022',0.97,'D',2,'Enrolled','2017-01-07 01:41:00'),('0117A0006','S00042',0.83,'A',3,'Enrolled','2017-01-07 22:41:00'),('0117A0006','S00047',0.71,'D',1,'Enrolled','2017-01-07 23:41:00'),('0117A0006','S00049',0.83,'C',2,'Enrolled','2017-01-06 23:41:00'),('0117A0006','S00054',0.69,'F',0,'Enrolled','2017-01-06 10:41:00'),('0117A0006','S00060',0.80,'C',3,'Enrolled','2017-01-06 22:41:00'),('0117A0006','S00062',0.79,'E',3,'Enrolled','2017-01-06 21:41:00'),('0117A0006','S00063',0.71,'C',2,'Enrolled','2017-01-06 23:41:00'),('0117A0006','S00075',0.78,'B',2,'Enrolled','2017-01-06 11:41:00'),('0117A0006','S00076',0.73,'E',2,'Enrolled','2017-01-06 13:41:00'),('0117A0006','S00077',0.95,'A',2,'Enrolled','2017-01-06 17:41:00'),('0117A0006','S00079',0.87,'E',2,'Enrolled','2017-01-06 21:41:00'),('0117A0006','S00082',0.74,'D',2,'Enrolled','2017-01-06 11:41:00'),('0117A0006','S00083',0.78,'C',2,'Enrolled','2017-01-06 17:41:00'),('0117A0006','S00087',0.80,'A',1,'Enrolled','2017-01-07 09:41:00'),('0117A0006','S00088',0.88,'C',2,'Enrolled','2017-01-07 15:41:00'),('0117A0006','S00089',0.98,'B',3,'Enrolled','2017-01-07 19:41:00'),('0117C0012','S00001',0.79,'B',1,'Enrolled','2017-01-06 06:41:00'),('0117C0012','S00005',0.81,'B',1,'Enrolled','2017-01-06 15:41:00'),('0117C0012','S00009',0.82,'B',1,'Enrolled','2017-01-07 04:41:00'),('0117C0012','S00010',0.73,'E',2,'Enrolled','2017-01-07 10:41:00'),('0117C0012','S00013',0.97,'B',1,'Enrolled','2017-01-07 07:41:00'),('0117C0012','S00016',0.90,'D',2,'Enrolled','2017-01-08 08:41:00'),('0117C0012','S00017',0.96,'D',1,'Enrolled','2017-01-06 09:41:00'),('0117C0012','S00018',0.93,'E',2,'Enrolled','2017-01-07 16:41:00'),('0117C0012','S00019',0.90,'D',2,'Enrolled','2017-01-07 19:41:00'),('0117C0012','S00024',0.97,'C',1,'Enrolled','2017-01-07 08:41:00'),('0117C0012','S00036',0.95,'E',3,'Enrolled','2017-01-06 22:41:00'),('0117C0012','S00038',0.86,'B',1,'Enrolled','2017-01-07 02:41:00'),('0117C0012','S00039',0.84,'B',2,'Enrolled','2017-01-07 06:41:00'),('0117C0012','S00042',0.83,'E',3,'Enrolled','2017-01-07 21:41:00'),('0117C0012','S00059',0.91,'E',3,'Enrolled','2017-01-06 18:41:00'),('0117C0012','S00062',0.74,'D',1,'Enrolled','2017-01-06 20:41:00'),('0117C0012','S00068',0.83,'E',1,'Enrolled','2017-01-07 23:41:00'),('0117C0012','S00069',0.93,'A',1,'Enrolled','2017-01-08 05:41:00'),('0117C0012','S00070',0.88,'A',2,'Enrolled','2017-01-07 22:41:00'),('0117C0012','S00073',0.81,'B',2,'Enrolled','2017-01-08 08:41:00'),('0117C0012','S00074',0.95,'B',1,'Enrolled','2017-01-06 21:41:00'),('0117C0012','S00077',0.81,'A',2,'Enrolled','2017-01-06 14:41:00'),('0117C0012','S00078',0.83,'B',2,'Enrolled','2017-01-06 19:41:00'),('0117C0012','S00083',0.97,'B',2,'Enrolled','2017-01-06 12:41:00'),('0117C0012','S00084',0.87,'D',1,'Enrolled','2017-01-06 18:41:00'),('0117C0012','S00085',0.99,'E',3,'Enrolled','2017-01-07 00:41:00'),('0117C0012','S00087',0.85,'C',1,'Enrolled','2017-01-07 16:41:00'),('0117C0012','S00088',0.91,'C',2,'Enrolled','2017-01-07 18:41:00'),('0117C0012','S00089',0.80,'A',2,'Enrolled','2017-01-07 22:41:00'),('0217C0002','S00002',0.82,'C',2,'Enrolled','2017-01-08 05:41:00'),('0217C0002','S00006',0.86,'B',4,'Enrolled','2017-01-06 16:41:00'),('0217C0002','S00011',0.97,'A',2,'Enrolled','2017-01-07 15:41:00'),('0217C0002','S00012',0.99,'E',3,'Enrolled','2017-01-07 14:41:00'),('0217C0002','S00013',0.74,'E',2,'Enrolled','2017-01-07 20:41:00'),('0217C0002','S00022',0.89,'B',2,'Enrolled','2017-01-07 00:41:00'),('0217C0002','S00023',0.94,'D',2,'Enrolled','2017-01-08 02:41:00'),('0217C0002','S00026',0.94,'C',3,'Enrolled','2017-01-07 12:41:00'),('0217C0002','S00030',0.87,'A',3,'Enrolled','2017-01-06 13:41:00'),('0217C0002','S00032',0.90,'E',4,'Enrolled','2017-01-06 17:41:00'),('0217C0002','S00034',0.76,'E',2,'Enrolled','2017-01-06 14:41:00'),('0217C0002','S00036',0.84,'A',2,'Enrolled','2017-01-06 23:41:00'),('0217C0002','S00037',0.82,'B',4,'Enrolled','2017-01-07 03:41:00'),('0217C0002','S00042',0.90,'A',4,'Enrolled','2017-01-07 20:41:00'),('0217C0002','S00043',0.74,'B',4,'Enrolled','2017-01-08 02:41:00'),('0217C0002','S00044',0.86,'B',2,'Enrolled','2017-01-07 17:41:00'),('0217C0002','S00045',0.76,'D',2,'Enrolled','2017-01-06 07:41:00'),('0217C0002','S00046',0.71,'C',4,'Enrolled','2017-01-06 08:41:00'),('0217C0002','S00047',0.78,'E',4,'Enrolled','2017-01-06 15:41:00'),('0217C0002','S00049',0.99,'C',2,'Enrolled','2017-01-08 02:41:00'),('0217C0002','S00054',0.96,'D',2,'Enrolled','2017-01-07 16:41:00'),('0217C0002','S00055',0.84,'C',2,'Enrolled','2017-01-07 20:41:00'),('0217C0002','S00057',0.98,'A',2,'Enrolled','2017-01-08 05:41:00'),('0217C0002','S00059',0.94,'A',4,'Enrolled','2017-01-06 06:41:00'),('0217C0002','S00066',0.87,'C',2,'Enrolled','2017-01-07 11:41:00'),('0217C0002','S00068',0.85,'A',3,'Enrolled','2017-01-07 18:41:00'),('0217C0002','S00070',0.72,'B',4,'Enrolled','2017-01-08 08:41:00'),('0217C0002','S00080',0.81,'C',3,'Enrolled','2017-01-06 23:41:00'),('0217C0002','S00087',0.88,'B',4,'Enrolled','2017-01-07 06:41:00'),('0217C0002','S00088',0.85,'B',4,'Enrolled','2017-01-07 16:41:00'),('0217C0002','S00089',0.92,'B',3,'Enrolled','2017-01-07 18:41:00'),('0217D0005','S00004',0.80,'C',2,'Enrolled','2017-01-06 11:41:00'),('0217D0005','S00005',0.97,'B',3,'Enrolled','2017-01-06 12:41:00'),('0217D0005','S00006',0.95,'C',2,'Enrolled','2017-01-06 16:41:00'),('0217D0005','S00015',0.73,'E',2,'Enrolled','2017-01-07 10:41:00'),('0217D0005','S00018',0.98,'D',3,'Enrolled','2017-01-06 13:41:00'),('0217D0005','S00019',0.73,'E',3,'Enrolled','2017-01-06 17:41:00'),('0217D0005','S00021',0.97,'D',4,'Enrolled','2017-01-07 23:41:00'),('0217D0005','S00022',0.87,'D',2,'Enrolled','2017-01-08 00:41:00'),('0217D0005','S00027',0.83,'A',1,'Enrolled','2017-01-06 06:41:00'),('0217D0005','S00029',0.70,'C',2,'Enrolled','2017-01-06 11:41:00'),('0217D0005','S00030',0.86,'B',4,'Enrolled','2017-01-08 04:41:00'),('0217D0005','S00034',0.80,'A',2,'Enrolled','2017-01-06 21:41:00'),('0217D0005','S00044',0.78,'A',4,'Enrolled','2017-01-08 05:41:00'),('0217D0005','S00046',0.96,'C',1,'Enrolled','2017-01-06 10:41:00'),('0217D0005','S00049',0.86,'B',3,'Enrolled','2017-01-08 03:41:00'),('0217D0005','S00053',0.87,'C',4,'Enrolled','2017-01-06 09:41:00'),('0217D0005','S00055',0.81,'B',4,'Enrolled','2017-01-07 22:41:00'),('0217D0005','S00056',0.77,'E',4,'Enrolled','2017-01-06 15:41:00'),('0217D0005','S00057',0.92,'A',3,'Enrolled','2017-01-08 06:41:00'),('0217D0005','S00060',0.86,'E',2,'Enrolled','2017-01-06 12:41:00'),('0217D0005','S00061',0.95,'D',4,'Enrolled','2017-01-06 16:41:00'),('0217D0005','S00064',0.83,'B',2,'Enrolled','2017-01-07 01:41:00'),('0217D0005','S00066',0.81,'D',3,'Enrolled','2017-01-07 10:41:00'),('0217D0005','S00068',0.74,'C',3,'Enrolled','2017-01-07 22:41:00'),('0217D0005','S00075',0.89,'E',1,'Enrolled','2017-01-07 03:41:00'),('0217D0005','S00076',0.87,'B',1,'Enrolled','2017-01-07 09:41:00'),('0217D0005','S00080',0.75,'A',4,'Enrolled','2017-01-08 01:41:00'),('0217D0005','S00081',0.71,'E',4,'Enrolled','2017-01-08 06:41:00'),('0217D0005','S00084',0.88,'B',2,'Enrolled','2017-01-07 09:41:00'),('0217D0005','S00086',0.79,'C',4,'Enrolled','2017-01-07 14:41:00'),('0217D0005','S00088',0.69,'F',0,'Enrolled','2017-01-07 17:41:00'),('0217D0005','S00089',0.76,'A',4,'Enrolled','2017-01-08 00:41:00'),('0317D0010','S00001',0.74,'B',4,'Enrolled','2017-01-08 01:41:00'),('0317D0010','S00004',0.85,'E',2,'Enrolled','2017-01-06 09:41:00'),('0317D0010','S00007',0.84,'C',5,'Enrolled','2017-01-06 20:41:00'),('0317D0010','S00008',0.78,'C',2,'Enrolled','2017-01-07 03:41:00'),('0317D0010','S00014',0.88,'D',3,'Enrolled','2017-01-07 23:41:00'),('0317D0010','S00015',0.84,'A',5,'Enrolled','2017-01-08 04:41:00'),('0317D0010','S00022',0.93,'E',4,'Enrolled','2017-01-07 03:41:00'),('0317D0010','S00026',0.87,'D',4,'Enrolled','2017-01-07 13:41:00'),('0317D0010','S00027',0.69,'F',0,'Enrolled','2017-01-07 17:41:00'),('0317D0010','S00030',0.83,'C',4,'Enrolled','2017-01-08 03:41:00'),('0317D0010','S00036',0.74,'B',4,'Enrolled','2017-01-07 00:41:00'),('0317D0010','S00040',0.81,'B',4,'Enrolled','2017-01-07 11:41:00'),('0317D0010','S00044',0.91,'E',2,'Enrolled','2017-01-08 04:41:00'),('0317D0010','S00052',0.71,'B',3,'Enrolled','2017-01-07 10:41:00'),('0317D0010','S00065',0.96,'A',3,'Enrolled','2017-01-07 04:41:00'),('0317D0010','S00066',0.85,'E',3,'Enrolled','2017-01-07 12:41:00'),('0317D0010','S00069',0.79,'C',3,'Enrolled','2017-01-08 02:41:00'),('0317D0010','S00089',0.99,'D',5,'Enrolled','2017-01-07 21:41:00'),('0317H0004','S00005',0.80,'A',5,'Enrolled','2017-01-06 14:41:00'),('0317H0004','S00012',0.96,'A',2,'Enrolled','2017-01-07 19:41:00'),('0317H0004','S00013',0.97,'C',4,'Enrolled','2017-01-07 22:41:00'),('0317H0004','S00015',0.93,'C',2,'Enrolled','2017-01-08 05:41:00'),('0317H0004','S00028',0.93,'C',5,'Enrolled','2017-01-07 21:41:00'),('0317H0004','S00035',0.95,'A',4,'Enrolled','2017-01-06 16:41:00'),('0317H0004','S00037',0.73,'C',3,'Enrolled','2017-01-07 02:41:00'),('0317H0004','S00040',0.84,'B',4,'Enrolled','2017-01-07 09:41:00'),('0317H0004','S00052',0.83,'D',3,'Enrolled','2017-01-06 06:41:00'),('0317H0004','S00053',0.89,'A',3,'Enrolled','2017-01-06 08:41:00'),('0317H0004','S00057',0.78,'E',2,'Enrolled','2017-01-08 03:41:00'),('0317H0004','S00064',0.91,'C',5,'Enrolled','2017-01-07 03:41:00'),('0317H0004','S00065',0.70,'D',3,'Enrolled','2017-01-07 06:41:00'),('0317H0004','S00066',0.94,'D',2,'Enrolled','2017-01-07 11:41:00'),('0317H0004','S00068',0.75,'E',5,'Enrolled','2017-01-07 16:41:00'),('0317H0004','S00070',0.95,'E',4,'Enrolled','2017-01-07 21:41:00'),('0317H0004','S00071',0.80,'D',3,'Enrolled','2017-01-06 08:41:00'),('0317H0004','S00079',0.89,'B',2,'Enrolled','2017-01-06 20:41:00'),('0317H0004','S00085',0.89,'C',5,'Enrolled','2017-01-07 03:41:00'),('0317H0004','S00086',0.76,'C',3,'Enrolled','2017-01-07 15:41:00'),('0417H0004','S00004',0.98,'A',5,'Enrolled','2017-01-06 13:41:00'),('0417H0004','S00006',0.89,'E',2,'Enrolled','2017-01-06 17:41:00'),('0417H0004','S00007',0.75,'D',5,'Enrolled','2017-01-06 19:41:00'),('0417H0004','S00010',0.87,'B',4,'Enrolled','2017-01-07 01:41:00'),('0417H0004','S00027',0.76,'B',2,'Enrolled','2017-01-07 18:41:00'),('0417H0004','S00028',0.99,'D',2,'Enrolled','2017-01-07 22:41:00'),('0417H0004','S00030',0.85,'E',4,'Enrolled','2017-01-08 05:41:00'),('0417H0004','S00039',0.96,'D',2,'Enrolled','2017-01-07 06:41:00'),('0417H0004','S00041',0.84,'C',5,'Enrolled','2017-01-07 16:41:00'),('0417H0004','S00046',0.81,'C',4,'Enrolled','2017-01-07 21:41:00'),('0417H0004','S00053',0.74,'D',4,'Enrolled','2017-01-07 13:41:00'),('0417H0004','S00054',0.83,'A',3,'Enrolled','2017-01-07 17:41:00'),('0417H0004','S00057',0.98,'C',4,'Enrolled','2017-01-06 17:41:00'),('0417H0004','S00061',0.93,'B',2,'Enrolled','2017-01-06 17:41:00'),('0417H0004','S00062',0.97,'C',2,'Enrolled','2017-01-06 18:41:00'),('0417H0004','S00066',0.90,'A',3,'Enrolled','2017-01-07 10:41:00'),('0417H0004','S00069',0.91,'E',2,'Enrolled','2017-01-08 03:41:00'),('0417H0004','S00071',0.84,'C',3,'Enrolled','2017-01-06 09:41:00'),('0417H0004','S00074',0.84,'A',4,'Enrolled','2017-01-06 20:41:00'),('0417H0004','S00082',0.97,'E',4,'Enrolled','2017-01-06 08:41:00'),('0417H0007','S00005',0.99,'D',3,'Enrolled','2017-01-06 14:41:00'),('0417H0007','S00008',0.83,'B',5,'Enrolled','2017-01-06 21:41:00'),('0417H0007','S00010',0.98,'A',3,'Enrolled','2017-01-07 09:41:00'),('0417H0007','S00011',0.74,'C',5,'Enrolled','2017-01-07 02:41:00'),('0417H0007','S00016',0.90,'D',3,'Enrolled','2017-01-08 06:41:00'),('0417H0007','S00017',0.72,'A',3,'Enrolled','2017-01-07 15:41:00'),('0417H0007','S00019',0.79,'C',5,'Enrolled','2017-01-07 18:41:00'),('0417H0007','S00020',0.96,'C',3,'Enrolled','2017-01-07 21:41:00'),('0417H0007','S00027',0.87,'D',2,'Enrolled','2017-01-07 16:41:00'),('0417H0007','S00029',0.70,'C',2,'Enrolled','2017-01-07 23:41:00'),('0417H0007','S00030',0.96,'E',2,'Enrolled','2017-01-08 06:41:00'),('0417H0007','S00033',0.79,'C',5,'Enrolled','2017-01-06 19:41:00'),('0417H0007','S00034',0.97,'C',4,'Enrolled','2017-01-06 15:41:00'),('0417H0007','S00035',0.85,'B',3,'Enrolled','2017-01-06 23:41:00'),('0417H0007','S00037',0.79,'A',3,'Enrolled','2017-01-07 01:41:00'),('0417H0007','S00038',0.82,'B',3,'Enrolled','2017-01-07 04:41:00'),('0417H0007','S00039',0.75,'D',4,'Enrolled','2017-01-07 10:41:00'),('0417H0007','S00046',0.81,'B',4,'Enrolled','2017-01-07 20:41:00'),('0417H0007','S00050',0.80,'D',2,'Enrolled','2017-01-07 03:41:00'),('0417H0007','S00051',0.91,'B',2,'Enrolled','2017-01-08 08:41:00'),('0417H0007','S00052',0.81,'E',3,'Enrolled','2017-01-06 07:41:00'),('0417H0007','S00055',0.94,'B',3,'Enrolled','2017-01-06 12:41:00'),('0417H0007','S00056',0.98,'A',3,'Enrolled','2017-01-07 23:41:00'),('0417H0007','S00059',0.76,'E',4,'Enrolled','2017-01-06 08:41:00'),('0417H0007','S00065',0.98,'D',5,'Enrolled','2017-01-07 06:41:00'),('0417H0007','S00066',0.92,'E',5,'Enrolled','2017-01-07 13:41:00'),('0417H0007','S00067',0.96,'D',2,'Enrolled','2017-01-07 13:41:00'),('0417H0007','S00068',0.71,'C',2,'Enrolled','2017-01-07 20:41:00'),('0417H0007','S00072',0.84,'B',4,'Enrolled','2017-01-06 12:41:00'),('0417H0007','S00073',0.95,'A',4,'Enrolled','2017-01-08 06:41:00'),('0417H0007','S00086',0.90,'E',3,'Enrolled','2017-01-07 04:41:00'),('0517P0003','S00003',0.88,'A',2,'Enrolled','2017-01-06 07:41:00'),('0517P0003','S00004',0.92,'D',1,'Enrolled','2017-01-06 08:41:00'),('0517P0003','S00007',0.85,'E',2,'Enrolled','2017-01-06 18:41:00'),('0517P0003','S00017',0.69,'F',0,'Enrolled','2017-01-06 10:41:00'),('0517P0003','S00020',0.72,'E',2,'Enrolled','2017-01-06 21:41:00'),('0517P0003','S00024',0.84,'C',3,'Enrolled','2017-01-08 04:41:00'),('0517P0003','S00025',0.90,'E',2,'Enrolled','2017-01-08 06:41:00'),('0517P0003','S00027',0.75,'D',1,'Enrolled','2017-01-06 09:41:00'),('0517P0003','S00032',0.69,'F',0,'Enrolled','2017-01-06 07:41:00'),('0517P0003','S00033',0.89,'B',1,'Enrolled','2017-01-06 12:41:00'),('0517P0003','S00038',0.86,'B',3,'Enrolled','2017-01-07 05:41:00'),('0517P0003','S00039',0.88,'D',1,'Enrolled','2017-01-07 09:41:00'),('0517P0003','S00041',0.70,'A',1,'Enrolled','2017-01-07 11:41:00'),('0517P0003','S00043',0.88,'B',2,'Enrolled','2017-01-07 14:41:00'),('0517P0003','S00047',0.96,'D',1,'Enrolled','2017-01-06 14:41:00'),('0517P0003','S00049',0.99,'D',1,'Enrolled','2017-01-06 21:41:00'),('0517P0003','S00050',0.99,'A',2,'Enrolled','2017-01-08 04:41:00'),('0517P0003','S00051',0.85,'B',1,'Enrolled','2017-01-07 07:41:00'),('0517P0003','S00062',0.73,'D',1,'Enrolled','2017-01-07 03:41:00'),('0517P0003','S00063',0.96,'D',2,'Enrolled','2017-01-07 05:41:00'),('0517P0003','S00072',0.69,'F',0,'Enrolled','2017-01-08 05:41:00'),('0517P0003','S00083',0.73,'B',3,'Enrolled','2017-01-07 07:41:00'),('0517T0001','S00006',0.85,'E',1,'Enrolled','2017-01-06 19:41:00'),('0517T0001','S00015',0.74,'D',2,'Enrolled','2017-01-08 03:41:00'),('0517T0001','S00017',0.87,'D',1,'Enrolled','2017-01-06 08:41:00'),('0517T0001','S00018',0.73,'C',3,'Enrolled','2017-01-06 12:41:00'),('0517T0001','S00022',0.96,'E',3,'Enrolled','2017-01-08 01:41:00'),('0517T0001','S00024',0.72,'C',1,'Enrolled','2017-01-08 05:41:00'),('0517T0001','S00026',0.72,'B',1,'Enrolled','2017-01-08 08:41:00'),('0517T0001','S00028',0.78,'A',3,'Enrolled','2017-01-06 10:41:00'),('0517T0001','S00032',0.81,'E',1,'Enrolled','2017-01-06 09:41:00'),('0517T0001','S00040',0.83,'B',3,'Enrolled','2017-01-07 15:41:00'),('0517T0001','S00042',0.97,'C',2,'Enrolled','2017-01-07 18:41:00'),('0517T0001','S00046',0.70,'A',1,'Enrolled','2017-01-06 12:41:00'),('0517T0001','S00048',0.81,'A',2,'Enrolled','2017-01-06 19:41:00'),('0517T0001','S00060',0.90,'D',3,'Enrolled','2017-01-06 11:41:00'),('0517T0001','S00064',0.92,'E',3,'Enrolled','2017-01-07 07:41:00'),('0517T0001','S00065',0.85,'B',1,'Enrolled','2017-01-07 05:41:00'),('0517T0001','S00066',0.80,'A',4,'Enrolled','2017-01-07 09:41:00'),('0517T0001','S00067',0.81,'C',2,'Enrolled','2017-01-07 12:41:00'),('0517T0001','S00068',0.69,'F',0,'Enrolled','2017-01-07 17:41:00'),('0517T0001','S00074',0.77,'A',1,'Enrolled','2017-01-07 00:41:00'),('0517T0001','S00075',0.81,'C',2,'Enrolled','2017-01-06 08:41:00'),('0517T0001','S00076',0.85,'C',2,'Enrolled','2017-01-06 15:41:00'),('0517T0001','S00079',0.76,'E',1,'Enrolled','2017-01-07 20:41:00'),('0517T0001','S00080',0.74,'E',2,'Enrolled','2017-01-07 01:41:00'),('0517T0001','S00086',0.71,'B',3,'Enrolled','2017-01-07 05:41:00'),('0517T0001','S00087',0.82,'B',2,'Enrolled','2017-01-07 07:41:00'),('0617H0007','S00001',0.89,'A',5,'Enrolled','2017-01-06 07:41:00'),('0617H0007','S00002',0.95,'C',5,'Enrolled','2017-01-06 08:41:00'),('0617H0007','S00003',0.75,'E',5,'Enrolled','2017-01-08 06:41:00'),('0617H0007','S00014',0.69,'F',0,'Enrolled','2017-01-08 01:41:00'),('0617H0007','S00024',0.92,'C',4,'Enrolled','2017-01-07 06:41:00'),('0617H0007','S00025',0.97,'A',5,'Enrolled','2017-01-07 11:41:00'),('0617H0007','S00031',0.78,'B',4,'Enrolled','2017-01-06 14:41:00'),('0617H0007','S00035',0.92,'A',4,'Enrolled','2017-01-06 19:41:00'),('0617H0007','S00038',0.70,'B',4,'Enrolled','2017-01-07 04:41:00'),('0617H0007','S00040',0.93,'E',3,'Enrolled','2017-01-07 12:41:00'),('0617H0007','S00043',0.79,'D',3,'Enrolled','2017-01-07 15:41:00'),('0617H0007','S00045',0.81,'C',4,'Enrolled','2017-01-06 06:41:00'),('0617H0007','S00048',0.83,'C',5,'Enrolled','2017-01-08 00:41:00'),('0617H0007','S00059',0.99,'D',3,'Enrolled','2017-01-06 09:41:00'),('0617H0007','S00067',0.88,'C',3,'Enrolled','2017-01-07 15:41:00'),('0617H0007','S00069',0.75,'D',5,'Enrolled','2017-01-07 19:41:00'),('0617H0007','S00070',0.96,'C',3,'Enrolled','2017-01-07 20:41:00'),('0617H0007','S00071',0.84,'C',4,'Enrolled','2017-01-08 00:41:00'),('0617H0007','S00082',0.69,'F',0,'Enrolled','2017-01-07 05:41:00'),('0617H0007','S00083',0.72,'C',3,'Enrolled','2017-01-06 14:41:00'),('0617P0003','S00007',0.77,'E',4,'Enrolled','2017-01-06 18:41:00'),('0617P0003','S00008',0.72,'C',4,'Enrolled','2017-01-07 00:41:00'),('0617P0003','S00010',0.87,'C',5,'Enrolled','2017-01-07 06:41:00'),('0617P0003','S00011',0.97,'E',5,'Enrolled','2017-01-07 11:41:00'),('0617P0003','S00012',0.93,'A',4,'Enrolled','2017-01-07 05:41:00'),('0617P0003','S00014',0.86,'A',5,'Enrolled','2017-01-08 02:41:00'),('0617P0003','S00019',0.89,'A',3,'Enrolled','2017-01-06 14:41:00'),('0617P0003','S00020',0.92,'C',5,'Enrolled','2017-01-06 18:41:00'),('0617P0003','S00023',0.87,'D',5,'Enrolled','2017-01-07 04:41:00'),('0617P0003','S00026',0.73,'E',4,'Enrolled','2017-01-07 14:41:00'),('0617P0003','S00033',0.82,'C',3,'Enrolled','2017-01-06 08:41:00'),('0617P0003','S00037',0.86,'E',5,'Enrolled','2017-01-07 00:41:00'),('0617P0003','S00041',0.85,'C',5,'Enrolled','2017-01-07 19:41:00'),('0617P0003','S00044',0.79,'B',5,'Enrolled','2017-01-08 03:41:00'),('0617P0003','S00050',0.83,'D',5,'Enrolled','2017-01-07 05:41:00'),('0617P0003','S00056',0.69,'F',0,'Enrolled','2017-01-06 14:41:00'),('0617P0003','S00059',0.76,'A',4,'Enrolled','2017-01-06 20:41:00'),('0617P0003','S00067',0.99,'C',3,'Enrolled','2017-01-07 17:41:00'),('0617P0003','S00068',0.69,'F',0,'Enrolled','2017-01-07 21:41:00'),('0617P0003','S00069',0.97,'A',5,'Enrolled','2017-01-07 18:41:00'),('0617P0003','S00072',0.78,'A',4,'Enrolled','2017-01-06 11:41:00'),('0617P0003','S00076',0.78,'E',3,'Enrolled','2017-01-07 07:41:00'),('0617P0003','S00079',0.69,'F',0,'Enrolled','2017-01-07 21:41:00'),('0617P0003','S00080',0.88,'C',3,'Enrolled','2017-01-08 02:41:00'),('0617P0003','S00084',0.93,'B',5,'Enrolled','2017-01-06 22:41:00'),('0617T0001','S00001',0.92,'E',5,'Enrolled','2017-01-08 03:41:00'),('0617T0001','S00002',0.78,'E',3,'Enrolled','2017-01-06 09:41:00'),('0617T0001','S00007',0.75,'A',3,'Enrolled','2017-01-06 22:41:00'),('0617T0001','S00009',0.90,'D',3,'Enrolled','2017-01-07 05:41:00'),('0617T0001','S00015',0.76,'C',5,'Enrolled','2017-01-07 11:41:00'),('0617T0001','S00026',0.95,'D',5,'Enrolled','2017-01-06 07:41:00'),('0617T0001','S00030',0.73,'E',5,'Enrolled','2017-01-06 15:41:00'),('0617T0001','S00034',0.69,'F',0,'Enrolled','2017-01-06 13:41:00'),('0617T0001','S00044',0.80,'A',5,'Enrolled','2017-01-08 06:41:00'),('0617T0001','S00051',0.95,'C',5,'Enrolled','2017-01-07 04:41:00'),('0617T0001','S00053',0.73,'D',3,'Enrolled','2017-01-07 11:41:00'),('0617T0001','S00060',0.80,'D',5,'Enrolled','2017-01-06 21:41:00'),('0617T0001','S00071',0.72,'A',4,'Enrolled','2017-01-08 01:41:00'),('0617T0001','S00074',0.86,'E',5,'Enrolled','2017-01-06 06:41:00'),('0617T0001','S00078',0.81,'E',3,'Enrolled','2017-01-06 18:41:00'),('0617T0001','S00079',0.88,'D',5,'Enrolled','2017-01-06 22:41:00'),('0617T0001','S00080',0.96,'C',4,'Enrolled','2017-01-07 00:41:00'),('0617T0001','S00083',0.75,'D',4,'Enrolled','2017-01-06 16:41:00'),('0617T0001','S00084',0.98,'A',3,'Enrolled','2017-01-07 10:41:00'),('0617T0001','S00088',0.71,'A',3,'Enrolled','2017-01-07 20:41:00'),('0717C0002','S00002',0.88,'C',4,'Enrolled','2017-01-08 04:41:00'),('0717C0002','S00003',0.94,'E',2,'Enrolled','2017-01-06 10:41:00'),('0717C0002','S00009',0.69,'F',0,'Enrolled','2017-01-06 22:41:00'),('0717C0002','S00016',0.86,'C',3,'Enrolled','2017-01-07 13:41:00'),('0717C0002','S00017',0.74,'D',5,'Enrolled','2017-01-07 14:41:00'),('0717C0002','S00018',0.92,'A',5,'Enrolled','2017-01-06 11:41:00'),('0717C0002','S00023',0.84,'D',3,'Enrolled','2017-01-08 03:41:00'),('0717C0002','S00028',0.82,'A',2,'Enrolled','2017-01-06 08:41:00'),('0717C0002','S00039',0.69,'F',0,'Enrolled','2017-01-07 07:41:00'),('0717C0002','S00041',0.72,'C',2,'Enrolled','2017-01-07 17:41:00'),('0717C0002','S00043',0.96,'A',5,'Enrolled','2017-01-08 00:41:00'),('0717C0002','S00045',0.70,'D',3,'Enrolled','2017-01-07 19:41:00'),('0717C0002','S00050',0.99,'E',2,'Enrolled','2017-01-07 01:41:00'),('0717C0002','S00051',0.70,'D',5,'Enrolled','2017-01-08 06:41:00'),('0717C0002','S00053',0.86,'B',4,'Enrolled','2017-01-07 15:41:00'),('0717C0002','S00061',0.83,'C',5,'Enrolled','2017-01-06 23:41:00'),('0717C0002','S00062',0.86,'A',2,'Enrolled','2017-01-07 01:41:00'),('0717C0002','S00067',0.77,'D',2,'Enrolled','2017-01-07 15:41:00'),('0717C0002','S00076',0.88,'C',3,'Enrolled','2017-01-07 04:41:00'),('0717C0002','S00077',0.98,'D',4,'Enrolled','2017-01-06 16:41:00'),('0717C0002','S00081',0.98,'E',4,'Enrolled','2017-01-08 08:41:00'),('0717C0002','S00087',0.83,'C',3,'Enrolled','2017-01-07 17:41:00'),('0717D0005','S00008',0.90,'C',3,'Enrolled','2017-01-06 23:41:00'),('0717D0005','S00011',0.71,'E',2,'Enrolled','2017-01-07 13:41:00'),('0717D0005','S00012',0.78,'A',4,'Enrolled','2017-01-07 17:41:00'),('0717D0005','S00016',0.97,'B',3,'Enrolled','2017-01-06 07:41:00'),('0717D0005','S00018',0.72,'B',4,'Enrolled','2017-01-07 17:41:00'),('0717D0005','S00020',0.94,'B',2,'Enrolled','2017-01-06 19:41:00'),('0717D0005','S00026',0.70,'E',5,'Enrolled','2017-01-07 15:41:00'),('0717D0005','S00028',0.82,'D',5,'Enrolled','2017-01-07 20:41:00'),('0717D0005','S00032',0.99,'C',3,'Enrolled','2017-01-06 16:41:00'),('0717D0005','S00033',0.81,'D',2,'Enrolled','2017-01-06 10:41:00'),('0717D0005','S00038',0.72,'B',5,'Enrolled','2017-01-07 07:41:00'),('0717D0005','S00041',0.98,'A',4,'Enrolled','2017-01-07 10:41:00'),('0717D0005','S00047',0.85,'C',2,'Enrolled','2017-01-07 22:41:00'),('0717D0005','S00050',0.96,'D',3,'Enrolled','2017-01-07 02:41:00'),('0717D0005','S00052',0.69,'F',0,'Enrolled','2017-01-07 09:41:00'),('0717D0005','S00055',0.74,'D',2,'Enrolled','2017-01-07 18:41:00'),('0717D0005','S00064',0.85,'D',4,'Enrolled','2017-01-07 04:41:00'),('0717D0005','S00067',0.81,'D',4,'Enrolled','2017-01-07 14:41:00'),('0717D0005','S00070',0.74,'B',5,'Enrolled','2017-01-06 07:41:00'),('0717D0005','S00071',0.96,'C',4,'Enrolled','2017-01-07 23:41:00'),('0717D0005','S00073',0.72,'A',3,'Enrolled','2017-01-06 14:41:00'),('0717D0005','S00078',0.79,'E',3,'Enrolled','2017-01-07 14:41:00'),('0717D0005','S00080',0.96,'D',4,'Enrolled','2017-01-08 03:41:00'),('0717D0005','S00084',0.84,'C',2,'Enrolled','2017-01-07 11:41:00'),('0717D0005','S00087',0.70,'A',2,'Enrolled','2017-01-07 11:41:00'),('0817A0006','S00001',0.76,'A',3,'Enrolled','2017-01-08 02:41:00'),('0817A0006','S00005',0.86,'E',3,'Enrolled','2017-01-06 15:41:00'),('0817A0006','S00013',0.71,'E',5,'Enrolled','2017-01-07 18:41:00'),('0817A0006','S00016',0.98,'B',2,'Enrolled','2017-01-07 12:41:00'),('0817A0006','S00021',0.75,'A',2,'Enrolled','2017-01-06 22:41:00'),('0817A0006','S00036',0.81,'E',2,'Enrolled','2017-01-07 01:41:00'),('0817A0006','S00055',0.86,'D',4,'Enrolled','2017-01-07 21:41:00'),('0817A0006','S00058',0.70,'A',4,'Enrolled','2017-01-08 08:41:00'),('0817A0006','S00061',0.99,'B',5,'Enrolled','2017-01-06 14:41:00'),('0817A0006','S00063',0.75,'E',5,'Enrolled','2017-01-07 02:41:00'),('0817A0006','S00065',0.81,'D',4,'Enrolled','2017-01-07 08:41:00'),('0817A0006','S00070',0.95,'D',3,'Enrolled','2017-01-06 06:41:00'),('0817A0006','S00074',0.81,'E',3,'Enrolled','2017-01-06 22:41:00'),('0817A0006','S00075',0.79,'D',3,'Enrolled','2017-01-07 02:41:00'),('0817A0006','S00077',0.75,'E',4,'Enrolled','2017-01-07 12:41:00'),('0817A0006','S00082',0.83,'E',3,'Enrolled','2017-01-06 09:41:00'),('0817A0006','S00085',0.73,'C',3,'Enrolled','2017-01-07 13:41:00'),('0817A0006','S00088',0.87,'A',5,'Enrolled','2017-01-07 14:41:00'),('0917A0008','S00003',0.91,'A',2,'Enrolled','2017-01-06 06:41:00'),('0917A0008','S00004',0.76,'A',1,'Enrolled','2017-01-06 10:41:00'),('0917A0008','S00008',0.84,'D',2,'Enrolled','2017-01-07 01:41:00'),('0917A0008','S00010',0.85,'A',1,'Enrolled','2017-01-07 00:41:00'),('0917A0008','S00011',0.72,'D',3,'Enrolled','2017-01-07 03:41:00'),('0917A0008','S00017',0.98,'E',2,'Enrolled','2017-01-06 06:41:00'),('0917A0008','S00021',0.81,'C',2,'Enrolled','2017-01-06 23:41:00'),('0917A0008','S00023',0.91,'A',1,'Enrolled','2017-01-07 02:41:00'),('0917A0008','S00024',0.73,'E',1,'Enrolled','2017-01-07 09:41:00'),('0917A0008','S00025',0.88,'C',1,'Enrolled','2017-01-07 10:41:00'),('0917A0008','S00029',0.91,'A',2,'Enrolled','2017-01-08 00:41:00'),('0917A0008','S00033',0.76,'A',2,'Enrolled','2017-01-06 18:41:00'),('0917A0008','S00035',0.85,'B',1,'Enrolled','2017-01-06 22:41:00'),('0917A0008','S00040',0.73,'E',3,'Enrolled','2017-01-07 08:41:00'),('0917A0008','S00043',0.78,'E',3,'Enrolled','2017-01-08 01:41:00'),('0917A0008','S00045',0.76,'A',2,'Enrolled','2017-01-08 08:41:00'),('0917A0008','S00048',0.81,'E',2,'Enrolled','2017-01-08 01:41:00'),('0917A0008','S00050',0.69,'F',0,'Enrolled','2017-01-08 05:41:00'),('0917A0008','S00068',0.82,'D',2,'Enrolled','2017-01-07 14:41:00'),('0917A0008','S00069',0.75,'D',2,'Enrolled','2017-01-08 01:41:00'),('0917A0008','S00072',0.97,'C',1,'Enrolled','2017-01-08 02:41:00'),('0917A0008','S00073',0.76,'A',1,'Enrolled','2017-01-06 16:41:00'),('0917A0008','S00076',0.97,'C',3,'Enrolled','2017-01-06 12:41:00'),('0917A0008','S00081',0.69,'F',0,'Enrolled','2017-01-07 03:41:00'),('0917A0008','S00087',0.97,'B',1,'Enrolled','2017-01-07 10:41:00'),('0917S0011','S00009',0.75,'D',1,'Enrolled','2017-01-07 02:41:00'),('0917S0011','S00014',0.94,'D',3,'Enrolled','2017-01-08 00:41:00'),('0917S0011','S00031',0.84,'C',1,'Enrolled','2017-01-08 08:41:00'),('0917S0011','S00032',0.81,'D',3,'Enrolled','2017-01-06 06:41:00'),('0917S0011','S00053',0.80,'E',1,'Enrolled','2017-01-07 12:41:00'),('0917S0011','S00057',0.76,'E',2,'Enrolled','2017-01-06 16:41:00'),('0917S0011','S00058',0.94,'E',1,'Enrolled','2017-01-06 07:41:00'),('0917S0011','S00061',0.94,'E',2,'Enrolled','2017-01-06 15:41:00'),('0917S0011','S00064',0.75,'E',1,'Enrolled','2017-01-07 02:41:00'),('0917S0011','S00070',0.89,'D',1,'Enrolled','2017-01-08 06:41:00'),('0917S0011','S00074',0.95,'A',1,'Enrolled','2017-01-06 07:41:00'),('0917S0011','S00080',0.86,'E',2,'Enrolled','2017-01-08 05:41:00'),('0917S0011','S00084',0.85,'C',1,'Enrolled','2017-01-06 19:41:00'),('0917S0011','S00085',0.97,'D',2,'Enrolled','2017-01-07 12:41:00'),('1017M0009','S00003',0.96,'A',2,'Enrolled','2017-01-08 08:41:00'),('1017M0009','S00005',0.82,'A',2,'Enrolled','2017-01-06 13:41:00'),('1017M0009','S00009',0.83,'B',3,'Enrolled','2017-01-07 07:41:00'),('1017M0009','S00013',0.73,'C',1,'Enrolled','2017-01-07 21:41:00'),('1017M0009','S00014',0.83,'D',3,'Enrolled','2017-01-07 08:41:00'),('1017M0009','S00045',0.81,'E',2,'Enrolled','2017-01-07 18:41:00'),('1017M0009','S00047',0.96,'E',1,'Enrolled','2017-01-06 13:41:00'),('1017M0009','S00049',0.84,'A',1,'Enrolled','2017-01-06 22:41:00'),('1017M0009','S00054',0.89,'E',2,'Enrolled','2017-01-06 11:41:00'),('1017M0009','S00056',0.93,'A',2,'Enrolled','2017-01-08 01:41:00'),('1017M0009','S00061',0.97,'A',2,'Enrolled','2017-01-07 00:41:00'),('1017M0009','S00072',0.93,'E',3,'Enrolled','2017-01-08 03:41:00'),('1017M0009','S00073',0.91,'D',2,'Enrolled','2017-01-08 04:41:00'),('1017M0009','S00077',0.82,'D',2,'Enrolled','2017-01-07 11:41:00'),('1017M0009','S00078',0.77,'B',3,'Enrolled','2017-01-07 16:41:00'),('1017M0009','S00082',0.90,'C',3,'Enrolled','2017-01-07 02:41:00'),('1017M0009','S00083',0.80,'E',1,'Enrolled','2017-01-06 13:41:00'),('1017M0009','S00084',0.87,'D',1,'Enrolled','2017-01-06 23:41:00'),('1017M0009','S00088',0.74,'E',3,'Enrolled','2017-01-07 13:41:00'),('1017M0009','S00089',0.91,'A',1,'Enrolled','2017-01-07 22:41:00');
/*!40000 ALTER TABLE `studentcourse` ENABLE KEYS */;
UNLOCK TABLES;

--
-- Table structure for table `students`
--

DROP TABLE IF EXISTS `students`;
/*!40101 SET @saved_cs_client     = @@character_set_client */;
 SET character_set_client = utf8mb4 ;
CREATE TABLE `students` (
  `StudentID` varchar(6) CHARACTER SET utf8 COLLATE utf8_general_ci NOT NULL,
  `EnrollmentDate` date NOT NULL,
  `Status` varchar(15) CHARACTER SET utf8 COLLATE utf8_general_ci NOT NULL,
  PRIMARY KEY (`StudentID`),
  CONSTRAINT `StudentID` FOREIGN KEY (`StudentID`) REFERENCES `users` (`userid`) ON DELETE RESTRICT ON UPDATE CASCADE
) ENGINE=InnoDB DEFAULT CHARSET=utf8;
/*!40101 SET character_set_client = @saved_cs_client */;

--
-- Dumping data for table `students`
--

LOCK TABLES `students` WRITE;
/*!40000 ALTER TABLE `students` DISABLE KEYS */;
INSERT INTO `students` VALUES ('S00001','2017-01-01','Enrolled'),('S00002','2017-01-01','Enrolled'),('S00003','2017-01-01','Enrolled'),('S00004','2017-01-01','Enrolled'),('S00005','2017-01-01','Enrolled'),('S00006','2017-01-01','Enrolled'),('S00007','2017-01-01','Dropped Out'),('S00008','2017-01-01','Enrolled'),('S00009','2017-01-01','Dropped Out'),('S00010','2017-01-01','Enrolled'),('S00011','2017-01-01','Enrolled'),('S00012','2017-01-01','Enrolled'),('S00013','2017-01-01','Dropped Out'),('S00014','2017-01-01','Dropped Out'),('S00015','2017-01-01','Enrolled'),('S00016','2017-01-01','Enrolled'),('S00017','2017-01-01','Dropped Out'),('S00018','2017-01-01','Enrolled'),('S00019','2017-01-01','Enrolled'),('S00020','2017-01-01','Enrolled'),('S00021','2017-01-01','Enrolled'),('S00022','2017-01-01','Dropped Out'),('S00023','2017-01-01','Enrolled'),('S00024','2017-01-01','Enrolled'),('S00025','2017-01-01','Enrolled'),('S00026','2017-01-01','Dropped Out'),('S00027','2017-01-01','Enrolled'),('S00028','2017-01-01','Enrolled'),('S00029','2017-01-01','Enrolled'),('S00030','2017-01-01','Enrolled'),('S00031','2017-01-01','Enrolled'),('S00032','2017-01-01','Dropped Out'),('S00033','2017-01-01','Enrolled'),('S00034','2017-01-01','Enrolled'),('S00035','2017-01-01','Enrolled'),('S00036','2017-01-01','Enrolled'),('S00037','2017-01-01','Enrolled'),('S00038','2017-01-01','Enrolled'),('S00039','2017-01-01','Dropped Out'),('S00040','2017-01-01','Enrolled'),('S00041','2017-01-01','Enrolled'),('S00042','2017-01-01','Enrolled'),('S00043','2017-01-01','Enrolled'),('S00044','2017-01-01','Enrolled'),('S00045','2017-01-01','Dropped Out'),('S00046','2017-01-01','Enrolled'),('S00047','2017-01-01','Dropped Out'),('S00048','2017-01-01','Enrolled'),('S00049','2017-01-01','Enrolled'),('S00050','2017-01-01','Dropped Out'),('S00051','2017-01-01','Enrolled'),('S00052','2017-01-01','Dropped Out'),('S00053','2017-01-01','Enrolled'),('S00054','2017-01-01','Dropped Out'),('S00055','2017-01-01','Enrolled'),('S00056','2017-01-01','Enrolled'),('S00057','2017-01-01','Enrolled'),('S00058','2017-01-01','Enrolled'),('S00059','2017-01-01','Enrolled'),('S00060','2017-01-01','Dropped Out'),('S00061','2017-01-01','Enrolled'),('S00062','2017-01-01','Enrolled'),('S00063','2017-01-01','Dropped Out'),('S00064','2017-01-01','Enrolled'),('S00065','2017-01-01','Enrolled'),('S00066','2017-01-01','Enrolled'),('S00067','2017-01-01','Enrolled'),('S00068','2017-01-01','Dropped Out'),('S00069','2017-01-01','Enrolled'),('S00070','2017-01-01','Enrolled'),('S00071','2017-01-01','Enrolled'),('S00072','2017-01-01','Enrolled'),('S00073','2017-01-01','Enrolled'),('S00074','2017-01-01','Enrolled'),('S00075','2017-01-01','Enrolled'),('S00076','2017-01-01','Enrolled'),('S00077','2017-01-01','Enrolled'),('S00078','2017-01-01','Dropped Out'),('S00079','2017-01-01','Dropped Out'),('S00080','2017-01-01','Enrolled'),('S00081','2017-01-01','Dropped Out'),('S00082','2017-01-01','Dropped Out'),('S00083','2017-01-01','Enrolled'),('S00084','2017-01-01','Enrolled'),('S00085','2017-01-01','Dropped Out'),('S00086','2017-01-01','Enrolled'),('S00087','2017-01-01','Enrolled'),('S00088','2017-01-01','Enrolled'),('S00089','2017-01-01','Enrolled');
/*!40000 ALTER TABLE `students` ENABLE KEYS */;
UNLOCK TABLES;

--
-- Table structure for table `users`
--

DROP TABLE IF EXISTS `users`;
/*!40101 SET @saved_cs_client     = @@character_set_client */;
 SET character_set_client = utf8mb4 ;
CREATE TABLE `users` (
  `UserID` varchar(6) CHARACTER SET utf8 COLLATE utf8_general_ci NOT NULL,
  `FirstName` varchar(20) CHARACTER SET utf8 COLLATE utf8_general_ci NOT NULL,
  `LastName` varchar(30) CHARACTER SET utf8 COLLATE utf8_general_ci NOT NULL,
  `Password` varchar(20) CHARACTER SET utf8 COLLATE utf8_general_ci NOT NULL,
  `AccessLevel` varchar(20) CHARACTER SET utf8 COLLATE utf8_general_ci NOT NULL,
  `EmailAddress` varchar(45) CHARACTER SET utf8 COLLATE utf8_general_ci NOT NULL,
  PRIMARY KEY (`UserID`)
) ENGINE=InnoDB DEFAULT CHARSET=utf8;
/*!40101 SET character_set_client = @saved_cs_client */;

--
-- Dumping data for table `users`
--

LOCK TABLES `users` WRITE;
/*!40000 ALTER TABLE `users` DISABLE KEYS */;
INSERT INTO `users` VALUES ('A00001','Donald','Tan','Password','Administrator','Donald-Tan@owlmail.edu.hg'),('L00001','Stephen','Ng','Password','Lecturer','Stephen-Ng@owlmail.edu.hg'),('L00002','Andrew','Lee','Password','Lecturer','Andrew-Lee@owlmail.edu.hg'),('L00003','Anne','Harris','Password','Lecturer','Anne-Harris@owlmail.edu.hg'),('L00004','Terrence','Hathaway','Password','Lecturer','Terrence-Hathaway@owlmail.edu.hg'),('L00005','Melania','Harris','Password','Lecturer','Melania-Harris@owlmail.edu.hg'),('L00006','Melania','Jackson','Password','Lecturer','Melania-Jackson@owlmail.edu.hg'),('L00007','Venkat','Ramanathan','Password','Lecturer','Venkat-Ramanathan@owlmail.edu.hg'),('L00008','Kerry','Trump','Password','Lecturer','Kerry-Trump@owlmail.edu.hg'),('L00009','Felix','Colbert','Password','Lecturer','Felix-Colbert@owlmail.edu.hg'),('L00010','Willow','Harris','Password','Lecturer','Willow-Harris@owlmail.edu.hg'),('S00001','Tony','the Hedgehog','Password','Student','Tony-theHedgehog@owlmail.edu.hg'),('S00002','Hughes','Pelosi','Password','Student','Hughes-Pelosi@owlmail.edu.hg'),('S00003','Willow','Tan','Password','Student','Willow-Tan@owlmail.edu.hg'),('S00004','Andrew','Ng','Password','Student','Andrew-Ng@owlmail.edu.hg'),('S00005','Anne','the Hedgehog','Password','Student','Anne-theHedgehog@owlmail.edu.hg'),('S00006','Anne','Pelosi','Password','Student','Anne-Pelosi@owlmail.edu.hg'),('S00007','Willow','Hathaway','Password','Student','Willow-Hathaway@owlmail.edu.hg'),('S00008','Anne','Meyers','Password','Student','Anne-Meyers@owlmail.edu.hg'),('S00009','Willow','the Dog','Password','Student','Willow-theDog@owlmail.edu.hg'),('S00010','Michael','Colbert','Password','Student','Michael-Colbert@owlmail.edu.hg'),('S00011','Terrence','Ng','Password','Student','Terrence-Ng@owlmail.edu.hg'),('S00012','Melania','the Hedgehog','Password','Student','Melania-theHedgehog@owlmail.edu.hg'),('S00013','Stephen','Jackman','Password','Student','Stephen-Jackman@owlmail.edu.hg'),('S00014','Stephen','Meyers','Password','Student','Stephen-Meyers@owlmail.edu.hg'),('S00015','Andrew','Stark','Password','Student','Andrew-Stark@owlmail.edu.hg'),('S00016','Donald','Summers','Password','Student','Donald-Summers@owlmail.edu.hg'),('S00017','Tony','the Cat','Password','Student','Tony-theCat@owlmail.edu.hg'),('S00018','Mathew','Harris','Password','Student','Mathew-Harris@owlmail.edu.hg'),('S00019','Mary','Jackson','Password','Student','Mary-Jackson@owlmail.edu.hg'),('S00020','Michael','the Cat','Password','Student','Michael-theCat@owlmail.edu.hg'),('S00021','Sonic','Meyers','Password','Student','Sonic-Meyers@owlmail.edu.hg'),('S00022','Anna','Jackman','Password','Student','Anna-Jackman@owlmail.edu.hg'),('S00023','Sonic','Jackson','Password','Student','Sonic-Jackson@owlmail.edu.hg'),('S00024','Terrence','Summers','Password','Student','Terrence-Summers@owlmail.edu.hg'),('S00025','Donald','Ng','Password','Student','Donald-Ng@owlmail.edu.hg'),('S00026','Seth','Trump','Password','Student','Seth-Trump@owlmail.edu.hg'),('S00027','Sonic','Harris','Password','Student','Sonic-Harris@owlmail.edu.hg'),('S00028','Terrence','the Cat','Password','Student','Terrence-theCat@owlmail.edu.hg'),('S00029','Stephen','Ng','Password','Student','Stephen-Ng@owlmail.edu.hg'),('S00030','Sonic','Stark','Password','Student','Sonic-Stark@owlmail.edu.hg'),('S00031','Donald','Meyers','Password','Student','Donald-Meyers@owlmail.edu.hg'),('S00032','Willow','Tan','Password','Student','Willow-Tan@owlmail.edu.hg'),('S00033','Tony','Tan','Password','Student','Tony-Tan@owlmail.edu.hg'),('S00034','Seth','Pompeo','Password','Student','Seth-Pompeo@owlmail.edu.hg'),('S00035','Willow','Knauss','Password','Student','Willow-Knauss@owlmail.edu.hg'),('S00036','Donald','Tan','Password','Student','Donald-Tan@owlmail.edu.hg'),('S00037','Anna','Chan','Password','Student','Anna-Chan@owlmail.edu.hg'),('S00038','Terrence','Colbert','Password','Student','Terrence-Colbert@owlmail.edu.hg'),('S00039','Stephen','Knauss','Password','Student','Stephen-Knauss@owlmail.edu.hg'),('S00040','Felix','Harris','Password','Student','Felix-Harris@owlmail.edu.hg'),('S00041','Terrence','Pompeo','Password','Student','Terrence-Pompeo@owlmail.edu.hg'),('S00042','Janice','Jackson','Password','Student','Janice-Jackson@owlmail.edu.hg'),('S00043','Hughes','Meyers','Password','Student','Hughes-Meyers@owlmail.edu.hg'),('S00044','Stephen','Pompeo','Password','Student','Stephen-Pompeo@owlmail.edu.hg'),('S00045','Anna','Hathaway','Password','Student','Anna-Hathaway@owlmail.edu.hg'),('S00046','Kerry','Hathaway','Password','Student','Kerry-Hathaway@owlmail.edu.hg'),('S00047','Kerry','Lee','Password','Student','Kerry-Lee@owlmail.edu.hg'),('S00048','Willow','Stark','Password','Student','Willow-Stark@owlmail.edu.hg'),('S00049','Axel','Jackman','Password','Student','Axel-Jackman@owlmail.edu.hg'),('S00050','Mathew','Ng','Password','Student','Mathew-Ng@owlmail.edu.hg'),('S00051','Hughes','Harris','Password','Student','Hughes-Harris@owlmail.edu.hg'),('S00052','Donald','Ng','Password','Student','Donald-Ng@owlmail.edu.hg'),('S00053','Willow','the Dog','Password','Student','Willow-theDog@owlmail.edu.hg'),('S00054','Axel','Pompeo','Password','Student','Axel-Pompeo@owlmail.edu.hg'),('S00055','Andrew','Chan','Password','Student','Andrew-Chan@owlmail.edu.hg'),('S00056','Sonic','Chan','Password','Student','Sonic-Chan@owlmail.edu.hg'),('S00057','Hughes','Ng','Password','Student','Hughes-Ng@owlmail.edu.hg'),('S00058','Axel','the Hedgehog','Password','Student','Axel-theHedgehog@owlmail.edu.hg'),('S00059','Hughes','Meyers','Password','Student','Hughes-Meyers@owlmail.edu.hg'),('S00060','Mathew','Colbert','Password','Student','Mathew-Colbert@owlmail.edu.hg'),('S00061','Melania','Chan','Password','Student','Melania-Chan@owlmail.edu.hg'),('S00062','Willow','the Cat','Password','Student','Willow-theCat@owlmail.edu.hg'),('S00063','Melania','the Cat','Password','Student','Melania-theCat@owlmail.edu.hg'),('S00064','Kerry','Jackman','Password','Student','Kerry-Jackman@owlmail.edu.hg'),('S00065','Willow','Harris','Password','Student','Willow-Harris@owlmail.edu.hg'),('S00066','Felix','Colbert','Password','Student','Felix-Colbert@owlmail.edu.hg'),('S00067','Sam','Pelosi','Password','Student','Sam-Pelosi@owlmail.edu.hg'),('S00068','Terrence','Pompeo','Password','Student','Terrence-Pompeo@owlmail.edu.hg'),('S00069','Felix','Pompeo','Password','Student','Felix-Pompeo@owlmail.edu.hg'),('S00070','Stephen','of Scots','Password','Student','Stephen-ofScots@owlmail.edu.hg'),('S00071','Stephen','Stark','Password','Student','Stephen-Stark@owlmail.edu.hg'),('S00072','Anna','Stark','Password','Student','Anna-Stark@owlmail.edu.hg'),('S00073','Anne','Harris','Password','Student','Anne-Harris@owlmail.edu.hg'),('S00074','Terrence','Trump','Password','Student','Terrence-Trump@owlmail.edu.hg'),('S00075','Terrence','Meyers','Password','Student','Terrence-Meyers@owlmail.edu.hg'),('S00076','Anne','Stark','Password','Student','Anne-Stark@owlmail.edu.hg'),('S00077','Seth','Harris','Password','Student','Seth-Harris@owlmail.edu.hg'),('S00078','Donald','Jackson','Password','Student','Donald-Jackson@owlmail.edu.hg'),('S00079','Anna','Hathaway','Password','Student','Anna-Hathaway@owlmail.edu.hg'),('S00080','Janice','Ng','Password','Student','Janice-Ng@owlmail.edu.hg'),('S00081','Andrew','Pompeo','Password','Student','Andrew-Pompeo@owlmail.edu.hg'),('S00082','Andrew','Jackson','Password','Student','Andrew-Jackson@owlmail.edu.hg'),('S00083','Willow','Colbert','Password','Student','Willow-Colbert@owlmail.edu.hg'),('S00084','Axel','Tan','Password','Student','Axel-Tan@owlmail.edu.hg'),('S00085','Mary','Summers','Password','Student','Mary-Summers@owlmail.edu.hg'),('S00086','Tony','Ng','Password','Student','Tony-Ng@owlmail.edu.hg'),('S00087','Anna','Summers','Password','Student','Anna-Summers@owlmail.edu.hg'),('S00088','Sam','Tan','Password','Student','Sam-Tan@owlmail.edu.hg'),('S00089','Jerry','Coleman','Password','Student','Jerry-Coleman@owlmail.edu.hg');
/*!40000 ALTER TABLE `users` ENABLE KEYS */;
UNLOCK TABLES;
/*!40103 SET TIME_ZONE=@OLD_TIME_ZONE */;

/*!40101 SET SQL_MODE=@OLD_SQL_MODE */;
/*!40014 SET FOREIGN_KEY_CHECKS=@OLD_FOREIGN_KEY_CHECKS */;
/*!40014 SET UNIQUE_CHECKS=@OLD_UNIQUE_CHECKS */;
/*!40101 SET CHARACTER_SET_CLIENT=@OLD_CHARACTER_SET_CLIENT */;
/*!40101 SET CHARACTER_SET_RESULTS=@OLD_CHARACTER_SET_RESULTS */;
/*!40101 SET COLLATION_CONNECTION=@OLD_COLLATION_CONNECTION */;
/*!40111 SET SQL_NOTES=@OLD_SQL_NOTES */;

-- Dump completed on 2018-12-05 17:30:57
